,setting,dataset,alignment_score
0,/Users/brain/Documents/GitHub/LLMs-topic-classification/results/mapped_csv/no-context/ChatGPT/strict_consistency/,Education_expenditure_and_indicators.csv,0.14654088050314465
1,/Users/brain/Documents/GitHub/LLMs-topic-classification/results/mapped_csv/no-context/ChatGPT/strict_consistency/,Health_expectancy.csv,0.4404761904761906
2,/Users/brain/Documents/GitHub/LLMs-topic-classification/results/mapped_csv/no-context/ChatGPT/strict_consistency/,Listed_monuments.csv,0.25
3,/Users/brain/Documents/GitHub/LLMs-topic-classification/results/mapped_csv/no-context/ChatGPT/strict_consistency/,Livestock.csv,1.0
4,/Users/brain/Documents/GitHub/LLMs-topic-classification/results/mapped_csv/no-context/ChatGPT/strict_consistency/,Milk_supply_and_dairy_production.csv,0.4181818181818182
5,/Users/brain/Documents/GitHub/LLMs-topic-classification/results/mapped_csv/no-context/ChatGPT/strict_consistency/,Mobility.csv,0.7703703703703705
6,/Users/brain/Documents/GitHub/LLMs-topic-classification/results/mapped_csv/no-context/ChatGPT/strict_consistency/,Plant_protection_products.csv,0.75
7,/Users/brain/Documents/GitHub/LLMs-topic-classification/results/mapped_csv/no-context/ChatGPT/strict_consistency/,Population_dynamics.csv,0.9000000000000004
8,/Users/brain/Documents/GitHub/LLMs-topic-classification/results/mapped_csv/no-context/ChatGPT/strict_consistency/,Social_security.csv,0.231578947368421
9,/Users/brain/Documents/GitHub/LLMs-topic-classification/results/mapped_csv/no-context/ChatGPT/strict_consistency/,Trade_and_industry.csv,0.31176470588235294
10,/Users/brain/Documents/GitHub/LLMs-topic-classification/results/mapped_csv/no-context/GoogleBard/strict_consistency/,Education_expenditure_and_indicators.csv,-0.6048888888888888
11,/Users/brain/Documents/GitHub/LLMs-topic-classification/results/mapped_csv/no-context/GoogleBard/strict_consistency/,Health_expectancy.csv,0.1428571428571428
12,/Users/brain/Documents/GitHub/LLMs-topic-classification/results/mapped_csv/no-context/GoogleBard/strict_consistency/,Listed_monuments.csv,0.6416666666666667
13,/Users/brain/Documents/GitHub/LLMs-topic-classification/results/mapped_csv/no-context/GoogleBard/strict_consistency/,Livestock.csv,1.0
14,/Users/brain/Documents/GitHub/LLMs-topic-classification/results/mapped_csv/no-context/GoogleBard/strict_consistency/,Milk_supply_and_dairy_production.csv,-0.9615384615384617
15,/Users/brain/Documents/GitHub/LLMs-topic-classification/results/mapped_csv/no-context/GoogleBard/strict_consistency/,Mobility.csv,0.7703703703703706
16,/Users/brain/Documents/GitHub/LLMs-topic-classification/results/mapped_csv/no-context/GoogleBard/strict_consistency/,Plant_protection_products.csv,0.7916666666666666
17,/Users/brain/Documents/GitHub/LLMs-topic-classification/results/mapped_csv/no-context/GoogleBard/strict_consistency/,Population_dynamics.csv,0.41000000000000014
18,/Users/brain/Documents/GitHub/LLMs-topic-classification/results/mapped_csv/no-context/GoogleBard/strict_consistency/,Social_security.csv,-1.1789473684210523
19,/Users/brain/Documents/GitHub/LLMs-topic-classification/results/mapped_csv/no-context/GoogleBard/strict_consistency/,Trade_and_industry.csv,0.04666666666666667
20,/Users/brain/Documents/GitHub/LLMs-topic-classification/results/mapped_csv/no-context/GoogleGemini/strict_consistency/,Education_expenditure_and_indicators.csv,0.8653594771241823
21,/Users/brain/Documents/GitHub/LLMs-topic-classification/results/mapped_csv/no-context/GoogleGemini/strict_consistency/,Health_expectancy.csv,0.7857142857142854
22,/Users/brain/Documents/GitHub/LLMs-topic-classification/results/mapped_csv/no-context/GoogleGemini/strict_consistency/,Listed_monuments.csv,1.0
23,/Users/brain/Documents/GitHub/LLMs-topic-classification/results/mapped_csv/no-context/GoogleGemini/strict_consistency/,Livestock.csv,1.0
24,/Users/brain/Documents/GitHub/LLMs-topic-classification/results/mapped_csv/no-context/GoogleGemini/strict_consistency/,Milk_supply_and_dairy_production.csv,0.0727272727272727
25,/Users/brain/Documents/GitHub/LLMs-topic-classification/results/mapped_csv/no-context/GoogleGemini/strict_consistency/,Mobility.csv,1.0
26,/Users/brain/Documents/GitHub/LLMs-topic-classification/results/mapped_csv/no-context/GoogleGemini/strict_consistency/,Plant_protection_products.csv,1.0
27,/Users/brain/Documents/GitHub/LLMs-topic-classification/results/mapped_csv/no-context/GoogleGemini/strict_consistency/,Population_dynamics.csv,1.0
28,/Users/brain/Documents/GitHub/LLMs-topic-classification/results/mapped_csv/no-context/GoogleGemini/strict_consistency/,Social_security.csv,0.7157894736842106
29,/Users/brain/Documents/GitHub/LLMs-topic-classification/results/mapped_csv/no-context/GoogleGemini/strict_consistency/,Trade_and_industry.csv,0.6215686274509804
30,/Users/brain/Documents/GitHub/LLMs-topic-classification/results/mapped_csv/context/ChatGPT/strict_consistency/,Education_expenditure_and_indicators.csv,0.06054421768707481
31,/Users/brain/Documents/GitHub/LLMs-topic-classification/results/mapped_csv/context/ChatGPT/strict_consistency/,Health_expectancy.csv,0.8523809523809524
32,/Users/brain/Documents/GitHub/LLMs-topic-classification/results/mapped_csv/context/ChatGPT/strict_consistency/,Listed_monuments.csv,0.175
33,/Users/brain/Documents/GitHub/LLMs-topic-classification/results/mapped_csv/context/ChatGPT/strict_consistency/,Livestock.csv,1.0
34,/Users/brain/Documents/GitHub/LLMs-topic-classification/results/mapped_csv/context/ChatGPT/strict_consistency/,Milk_supply_and_dairy_production.csv,0.1
35,/Users/brain/Documents/GitHub/LLMs-topic-classification/results/mapped_csv/context/ChatGPT/strict_consistency/,Mobility.csv,0.6666666666666663
36,/Users/brain/Documents/GitHub/LLMs-topic-classification/results/mapped_csv/context/ChatGPT/strict_consistency/,Plant_protection_products.csv,0.48333333333333334
37,/Users/brain/Documents/GitHub/LLMs-topic-classification/results/mapped_csv/context/ChatGPT/strict_consistency/,Population_dynamics.csv,0.7888888888888889
38,/Users/brain/Documents/GitHub/LLMs-topic-classification/results/mapped_csv/context/ChatGPT/strict_consistency/,Social_security.csv,0.0052631578947368385
39,/Users/brain/Documents/GitHub/LLMs-topic-classification/results/mapped_csv/context/ChatGPT/strict_consistency/,Trade_and_industry.csv,0.5114285714285715
40,/Users/brain/Documents/GitHub/LLMs-topic-classification/results/mapped_csv/context/GoogleGemini/strict_consistency/,Education_expenditure_and_indicators.csv,0.6808641975308642
41,/Users/brain/Documents/GitHub/LLMs-topic-classification/results/mapped_csv/context/GoogleGemini/strict_consistency/,Health_expectancy.csv,1.0
42,/Users/brain/Documents/GitHub/LLMs-topic-classification/results/mapped_csv/context/GoogleGemini/strict_consistency/,Listed_monuments.csv,0.625
43,/Users/brain/Documents/GitHub/LLMs-topic-classification/results/mapped_csv/context/GoogleGemini/strict_consistency/,Livestock.csv,-0.6666666666666666
44,/Users/brain/Documents/GitHub/LLMs-topic-classification/results/mapped_csv/context/GoogleGemini/strict_consistency/,Milk_supply_and_dairy_production.csv,0.9242424242424246
45,/Users/brain/Documents/GitHub/LLMs-topic-classification/results/mapped_csv/context/GoogleGemini/strict_consistency/,Mobility.csv,0.07407407407407408
46,/Users/brain/Documents/GitHub/LLMs-topic-classification/results/mapped_csv/context/GoogleGemini/strict_consistency/,Plant_protection_products.csv,0.25
47,/Users/brain/Documents/GitHub/LLMs-topic-classification/results/mapped_csv/context/GoogleGemini/strict_consistency/,Population_dynamics.csv,0.6740740740740745
48,/Users/brain/Documents/GitHub/LLMs-topic-classification/results/mapped_csv/context/GoogleGemini/strict_consistency/,Social_security.csv,0.8894736842105265
49,/Users/brain/Documents/GitHub/LLMs-topic-classification/results/mapped_csv/context/GoogleGemini/strict_consistency/,Trade_and_industry.csv,0.853921568627451
50,/Users/brain/Documents/GitHub/LLMs-topic-classification/results/mapped_csv/no-context/ChatGPT/soft_consistency/,Education_expenditure_and_indicators.csv,0.4522012578616353
51,/Users/brain/Documents/GitHub/LLMs-topic-classification/results/mapped_csv/no-context/ChatGPT/soft_consistency/,Health_expectancy.csv,0.5928571428571429
52,/Users/brain/Documents/GitHub/LLMs-topic-classification/results/mapped_csv/no-context/ChatGPT/soft_consistency/,Listed_monuments.csv,0.25
53,/Users/brain/Documents/GitHub/LLMs-topic-classification/results/mapped_csv/no-context/ChatGPT/soft_consistency/,Livestock.csv,1.0
54,/Users/brain/Documents/GitHub/LLMs-topic-classification/results/mapped_csv/no-context/ChatGPT/soft_consistency/,Milk_supply_and_dairy_production.csv,0.4848484848484848
55,/Users/brain/Documents/GitHub/LLMs-topic-classification/results/mapped_csv/no-context/ChatGPT/soft_consistency/,Mobility.csv,0.8
56,/Users/brain/Documents/GitHub/LLMs-topic-classification/results/mapped_csv/no-context/ChatGPT/soft_consistency/,Plant_protection_products.csv,0.925
57,/Users/brain/Documents/GitHub/LLMs-topic-classification/results/mapped_csv/no-context/ChatGPT/soft_consistency/,Population_dynamics.csv,0.9333333333333335
58,/Users/brain/Documents/GitHub/LLMs-topic-classification/results/mapped_csv/no-context/ChatGPT/soft_consistency/,Social_security.csv,0.8824561403508773
59,/Users/brain/Documents/GitHub/LLMs-topic-classification/results/mapped_csv/no-context/ChatGPT/soft_consistency/,Trade_and_industry.csv,0.7137254901960784
60,/Users/brain/Documents/GitHub/LLMs-topic-classification/results/mapped_csv/no-context/GoogleBard/soft_consistency/,Education_expenditure_and_indicators.csv,-0.5455555555555557
61,/Users/brain/Documents/GitHub/LLMs-topic-classification/results/mapped_csv/no-context/GoogleBard/soft_consistency/,Health_expectancy.csv,0.3428571428571429
62,/Users/brain/Documents/GitHub/LLMs-topic-classification/results/mapped_csv/no-context/GoogleBard/soft_consistency/,Listed_monuments.csv,0.6416666666666667
63,/Users/brain/Documents/GitHub/LLMs-topic-classification/results/mapped_csv/no-context/GoogleBard/soft_consistency/,Livestock.csv,1.0
64,/Users/brain/Documents/GitHub/LLMs-topic-classification/results/mapped_csv/no-context/GoogleBard/soft_consistency/,Milk_supply_and_dairy_production.csv,-0.9615384615384617
65,/Users/brain/Documents/GitHub/LLMs-topic-classification/results/mapped_csv/no-context/GoogleBard/soft_consistency/,Mobility.csv,0.7703703703703706
66,/Users/brain/Documents/GitHub/LLMs-topic-classification/results/mapped_csv/no-context/GoogleBard/soft_consistency/,Plant_protection_products.csv,0.7916666666666666
67,/Users/brain/Documents/GitHub/LLMs-topic-classification/results/mapped_csv/no-context/GoogleBard/soft_consistency/,Population_dynamics.csv,0.41000000000000014
68,/Users/brain/Documents/GitHub/LLMs-topic-classification/results/mapped_csv/no-context/GoogleBard/soft_consistency/,Social_security.csv,-0.9964912280701749
69,/Users/brain/Documents/GitHub/LLMs-topic-classification/results/mapped_csv/no-context/GoogleBard/soft_consistency/,Trade_and_industry.csv,0.05523809523809524
70,/Users/brain/Documents/GitHub/LLMs-topic-classification/results/mapped_csv/no-context/GoogleGemini/soft_consistency/,Education_expenditure_and_indicators.csv,0.8653594771241823
71,/Users/brain/Documents/GitHub/LLMs-topic-classification/results/mapped_csv/no-context/GoogleGemini/soft_consistency/,Health_expectancy.csv,0.7857142857142854
72,/Users/brain/Documents/GitHub/LLMs-topic-classification/results/mapped_csv/no-context/GoogleGemini/soft_consistency/,Listed_monuments.csv,1.0
73,/Users/brain/Documents/GitHub/LLMs-topic-classification/results/mapped_csv/no-context/GoogleGemini/soft_consistency/,Livestock.csv,1.0
74,/Users/brain/Documents/GitHub/LLMs-topic-classification/results/mapped_csv/no-context/GoogleGemini/soft_consistency/,Milk_supply_and_dairy_production.csv,0.22424242424242422
75,/Users/brain/Documents/GitHub/LLMs-topic-classification/results/mapped_csv/no-context/GoogleGemini/soft_consistency/,Mobility.csv,1.0
76,/Users/brain/Documents/GitHub/LLMs-topic-classification/results/mapped_csv/no-context/GoogleGemini/soft_consistency/,Plant_protection_products.csv,1.0
77,/Users/brain/Documents/GitHub/LLMs-topic-classification/results/mapped_csv/no-context/GoogleGemini/soft_consistency/,Population_dynamics.csv,1.0
78,/Users/brain/Documents/GitHub/LLMs-topic-classification/results/mapped_csv/no-context/GoogleGemini/soft_consistency/,Social_security.csv,1.0
79,/Users/brain/Documents/GitHub/LLMs-topic-classification/results/mapped_csv/no-context/GoogleGemini/soft_consistency/,Trade_and_industry.csv,0.8264705882352941
80,/Users/brain/Documents/GitHub/LLMs-topic-classification/results/mapped_csv/context/ChatGPT/soft_consistency/,Education_expenditure_and_indicators.csv,0.3374149659863945
81,/Users/brain/Documents/GitHub/LLMs-topic-classification/results/mapped_csv/context/ChatGPT/soft_consistency/,Health_expectancy.csv,0.8523809523809524
82,/Users/brain/Documents/GitHub/LLMs-topic-classification/results/mapped_csv/context/ChatGPT/soft_consistency/,Listed_monuments.csv,0.175
83,/Users/brain/Documents/GitHub/LLMs-topic-classification/results/mapped_csv/context/ChatGPT/soft_consistency/,Livestock.csv,1.0
84,/Users/brain/Documents/GitHub/LLMs-topic-classification/results/mapped_csv/context/ChatGPT/soft_consistency/,Milk_supply_and_dairy_production.csv,0.36666666666666675
85,/Users/brain/Documents/GitHub/LLMs-topic-classification/results/mapped_csv/context/ChatGPT/soft_consistency/,Mobility.csv,0.7037037037037034
86,/Users/brain/Documents/GitHub/LLMs-topic-classification/results/mapped_csv/context/ChatGPT/soft_consistency/,Plant_protection_products.csv,0.6833333333333333
87,/Users/brain/Documents/GitHub/LLMs-topic-classification/results/mapped_csv/context/ChatGPT/soft_consistency/,Population_dynamics.csv,0.9666666666666666
88,/Users/brain/Documents/GitHub/LLMs-topic-classification/results/mapped_csv/context/ChatGPT/soft_consistency/,Social_security.csv,0.8929824561403509
89,/Users/brain/Documents/GitHub/LLMs-topic-classification/results/mapped_csv/context/ChatGPT/soft_consistency/,Trade_and_industry.csv,0.8657142857142852
90,/Users/brain/Documents/GitHub/LLMs-topic-classification/results/mapped_csv/context/GoogleGemini/soft_consistency/,Education_expenditure_and_indicators.csv,0.6808641975308642
91,/Users/brain/Documents/GitHub/LLMs-topic-classification/results/mapped_csv/context/GoogleGemini/soft_consistency/,Health_expectancy.csv,1.0
92,/Users/brain/Documents/GitHub/LLMs-topic-classification/results/mapped_csv/context/GoogleGemini/soft_consistency/,Listed_monuments.csv,0.625
93,/Users/brain/Documents/GitHub/LLMs-topic-classification/results/mapped_csv/context/GoogleGemini/soft_consistency/,Livestock.csv,-0.6666666666666666
94,/Users/brain/Documents/GitHub/LLMs-topic-classification/results/mapped_csv/context/GoogleGemini/soft_consistency/,Milk_supply_and_dairy_production.csv,0.9242424242424246
95,/Users/brain/Documents/GitHub/LLMs-topic-classification/results/mapped_csv/context/GoogleGemini/soft_consistency/,Mobility.csv,0.07407407407407408
96,/Users/brain/Documents/GitHub/LLMs-topic-classification/results/mapped_csv/context/GoogleGemini/soft_consistency/,Plant_protection_products.csv,0.25
97,/Users/brain/Documents/GitHub/LLMs-topic-classification/results/mapped_csv/context/GoogleGemini/soft_consistency/,Population_dynamics.csv,0.6740740740740745
98,/Users/brain/Documents/GitHub/LLMs-topic-classification/results/mapped_csv/context/GoogleGemini/soft_consistency/,Social_security.csv,0.8894736842105265
99,/Users/brain/Documents/GitHub/LLMs-topic-classification/results/mapped_csv/context/GoogleGemini/soft_consistency/,Trade_and_industry.csv,0.853921568627451
